prompt,output,flag,username,timestamp
indian president name,,,,2024-02-03 10:19:56.749370
WHAT IS WELCOME IN TAMIL,,,,2024-02-03 16:13:11.458871
"[4:07 PM] Selva Balakumar
package com.onecare.admin.page;
 
import org.openqa.selenium.WebElement;

import org.openqa.selenium.support.FindBy;

import org.openqa.selenium.support.PageFactory;

import org.testng.Reporter;
 
import com.onecare.admin.base.BaseClass;
 
public class LoginPage extends BaseClass {

	@FindBy(id =""inputEmail"")

	WebElement username;

	@FindBy(id=""inputPassword"")

	WebElement password;

	@FindBy(xpath =""//button[text()='Login']"")

	WebElement loginbt;

	@FindBy(xpath = ""/html/body/div/nav/div/a/img"")

	WebElement onecarelogo;

	public LoginPage() {

		PageFactory.initElements(driver, this);

	}


	public boolean OneDataLogo() {

		return onecarelogo.isDisplayed();

	}

	public OrganizationPage login(String un,String pwd) {

		Reporter.log(""valid User name is enter"");

		username.sendKeys(un);

	    Reporter.log(""valid passwod is enter"");

		password.sendKeys(pwd);

		Reporter.log(""Click Login Button"");

		loginbt.click();

		return new OrganizationPage();

	}
 
}

[4:07 PM] Selva Balakumar
package com.onecare.admin.test;
 
import static org.testng.Assert.assertEquals;

import static org.testng.Assert.assertTrue;
 
import org.openqa.selenium.By;

import org.testng.Assert;

import org.testng.Reporter;

import org.testng.annotations.AfterMethod;

import org.testng.annotations.BeforeMethod;

import org.testng.annotations.Test;
 
import com.onecare.admin.base.BaseClass;

import com.onecare.admin.page.OrganizationPage;

import com.onecare.admin.page.LoginPage;
 
 
public class LoginPageTest extends BaseClass {

	LoginPage login;

	OrganizationPage homepage;

	public LoginPageTest(){

		super();

		}

	@BeforeMethod

	public void setUp(){

		initialization();

		login = new LoginPage();

		driver.findElement(By.xpath(""/html/body/div[1]/div[1]/div[1]/div/nav/div[2]/div[2]/div/a"")).click();

}

	@Test(priority = 1,description = ""Verifying logo is present"")

	public void VerifyLogo() {

		Reporter.log(""valid User name is enter"");

	    Reporter.log(""valid passwod is enter"");

;

		Reporter.log(""Click Login Button"");

		boolean flag = login.OneDataLogo();

		Assert.assertTrue(flag);

	}

	@Test(priority = 2,description = ""."")

	public void loginTest() {

		homepage =login.login(prop.getProperty(""username""), prop.getProperty(""password""));

		boolean flag = login.OneDataLogo();

		Assert.assertTrue(flag);

	}

	@AfterMethod

	public void tearDown(){

		// CaptureAndAttachScreenshot(null);

		driver.quit();

	}


	}

 explain the code  line by line","1. The LoginPage class is a page object model for the login page of the OneCare Admin application. It contains the following elements:
    * username: A text field for entering the user name.
    * password: A text field for entering the password.
    * loginbt: A button for logging in.
    * onecarelogo: An image of the OneCare logo.
2. The LoginPageTest class is a test class for the LoginPage class. It contains the following tests:
    * VerifyLogo: This test verifies that the OneCare logo is displayed on the login page.
    * loginTest: This test logs in to the OneCare Admin application using the provided username and password.
3. The setUp() method initializes the driver and navigates to the login page.
4. The VerifyLogo() method verifies that the OneCare logo is displayed on the login page.
5. The loginTest() method logs in to the OneCare Admin application using the provided username and password.
6. The tearDown() method quits the driver.",,,2024-02-03 17:09:19.542619
